"","prob","probSD","SNR","pval_prob","qval_prob","pval_MutSig","qval_MutSig","protLength","uniquePosNdMAF","uniquePosNdMAFtumor","uniquePosNExactMatch","uniquePosNExactMatchtumor","pval_FET","qval_FET","casesN"
"GUCY2D",0.00240384615384615,0.00240745282677290,0.99850187181795,0.08019599020049,0.106927986933987,0.9999095,1,1103,69,4,2,1,7.63446196129328e-05,0.000101792826150577,4
"MYH6",0.00240384615384615,0.00247471826845904,0.971361542234453,0.0467476626168692,0.106927986933987,0.6058378,1,1939,176,4,1,1,4.47828034034931e-06,8.95656068069862e-06,4
"MYH8",0.00239808153477218,0.00238935671447627,1.00365153526179,0.0544472776361182,0.106927986933987,0.9264182,1,1937,303,5,1,1,1.45225849068373e-08,5.80903396273491e-08,3
"TBX1",0.00241545893719807,0.00247209737093136,0.977088914700816,0.108194590270486,0.108194590270486,1,1,398,3,2,1,1,1,1,2
