"","prob","probSD","SNR","pval_prob","qval_prob","pval_MutSig","qval_MutSig","protLength","uniquePosNdMAF","uniquePosNdMAFtumor","uniquePosNExactMatch","uniquePosNExactMatchtumor","pval_FET","qval_FET","casesN"
"ATM",0.5,0.346840090024276,1.44158652468636,0.0464476776161192,0.125877039481359,NA,NA,3056,455,2,4,1,0.0043956043956044,0.024390243902439,1
"HRAS",1,0,Inf,0.350682465876706,0.350682465876706,NA,NA,189,22,1,2,1,1,1,1
"PIK3CA",0.666666666666667,0.263629475780878,2.52880170053816,0.0357982100894955,0.125877039481359,NA,NA,1068,139,3,14,2,0.0215827338129496,0.0377697841726619,3
"PTEN",0.5,0.358918615528051,1.39307346670884,0.324983750812459,0.350682465876706,NA,NA,403,242,2,17,1,0.00826446280991736,0.024390243902439,1
"SMARCE1",1,0,Inf,0.167391630418479,0.292935353232338,NA,NA,411,40,1,1,1,1,1,1
"SMC1A",1,0,Inf,0.0539473026348683,0.125877039481359,NA,NA,1233,105,1,5,1,1,1,1
"TP53",0.666666666666667,0.272883000200572,2.44304946140529,0.256737163141843,0.350682465876706,NA,NA,393,287,3,44,2,0.0104529616724739,0.024390243902439,3
