"","prob","probSD","SNR","pval_prob","qval_prob","pval_MutSig","qval_MutSig","protLength","uniquePosNdMAF","uniquePosNdMAFtumor","uniquePosNExactMatch","uniquePosNExactMatchtumor","pval_FET","qval_FET","casesN"
"MYH7",0.00475059382422803,0.00338777066055829,1.40227727913706,0.00784960751962402,0.00784960751962402,0.9407364,1,1935,198,9,22,2,1.69297548906268e-11,3.38595097812535e-11,9
"RYR1",0.00241545893719807,0.00242382962981063,0.99654650124348,0.00249987500624969,0.00499975001249937,0.9979868,1,5038,44,2,7,1,0.0454545454545455,0.0454545454545455,2
