"","prob","probSD","SNR","pval_prob","qval_prob","pval_MutSig","qval_MutSig","protLength","uniquePosNdMAF","uniquePosNdMAFtumor","uniquePosNExactMatch","uniquePosNExactMatchtumor","pval_FET","qval_FET","casesN"
"ABCG8",0.00240384615384615,0.00239295001047913,1.00455343543296,0.023948802559872,0.0762628535239905,0.9538551,1,673,85,4,1,1,4.0498126961628e-05,6.47970031386048e-05,4
"CASR",0.00234192037470726,0.00237488780770488,0.98611831982519,0.0571971401429928,0.0762628535239905,0.8819135,1,1078,173,15,8,1,1.04347780003102e-19,4.17391120012409e-19,15
"FGF23",0.00240384615384615,0.00237326548153606,1.01288548312357,0.0686465676716164,0.078453220196133,0.9990866,1,251,41,4,2,1,0.000375234521575985,0.000500211026526816,4
"LHCGR",0.00234741784037559,0.00232728327277118,1.00865153281510,0.0833458327083646,0.0833458327083646,0.224226,1,699,114,14,3,1,3.23066137519574e-16,8.61509700052198e-16,14
"MYH7",0.00462962962962963,0.00338378727633538,1.36817986816343,0.00604969751512424,0.048397580120994,0.9849862,1,1935,198,20,22,2,1.23327656222958e-23,9.86621249783662e-23,19
"OTC",0.00240384615384615,0.00240610576596567,0.999060884125929,0.0456977151142443,0.0762628535239905,0.3444931,1,354,39,4,7,1,0.000437684648210964,0.000500211026526816,4
"PKLR",0.00239234449760766,0.00235239111326328,1.01698415884974,0.0436478176091195,0.0762628535239905,0.7021463,1,574,32,6,5,1,2.97950103289369e-05,5.95900206578738e-05,6
"PROP1",0.00240963855421687,0.00247738620755290,0.972653576124108,0.0545972701364932,0.0762628535239905,0.3915024,1,226,22,3,1,1,0.0129870129870130,0.0129870129870130,3
