"","prob","probSD","SNR","pval_prob","qval_prob","pval_MutSig","qval_MutSig","protLength","uniquePosNdMAF","uniquePosNdMAFtumor","uniquePosNExactMatch","uniquePosNExactMatchtumor","pval_FET","qval_FET","casesN"
"AQP2",0.5,0.359620740610267,1.39035362407494,0.114294285285736,0.114294285285736,0.06223795,1,271,6,2,3,1,0.333333333333333,0.75,2
"ASS1",1,0,Inf,0.0384480775961202,0.0668216589170541,0.4144806,1,412,48,1,5,1,1,1,1
"BBS12",0.5,0.353316547281022,1.41516157068723,0.0445477726113694,0.0668216589170541,0.1665333,1,710,53,2,3,1,0.0377358490566038,0.113207547169811,2
"FA2H",1,0,Inf,0.0408479576021199,0.0668216589170541,0.6462581,1,372,24,1,1,1,1,1,1
"KRAS",1,0,Inf,0.0835958202089895,0.0940452977351132,0.2112979,1,189,44,1,6,1,1,1,1
"PIK3CA",0.909090909090909,0.0843750686521872,10.7744020077588,4.09031413612565e-05,0.000368128272251309,6.781848e-05,0.4263974,1068,139,4,14,3,0.0287769784172662,0.113207547169811,9
"PTPN11",1,0,Inf,0.0272486375681216,0.0668216589170541,0.4923078,1,597,82,1,10,1,1,1,1
"RIT1",1,0,Inf,0.0708464576771161,0.0910883027277208,0.3524417,1,219,32,1,3,1,1,1,1
"SCN5A",0.25,0.207015199424566,1.20764079495089,0.032048397580121,0.0668216589170541,0.8680955,1,2016,229,4,18,1,2.02495350200521e-06,1.82245815180469e-05,4
