"","prob","probSD","SNR","pval_prob","qval_prob","pval_MutSig","qval_MutSig","protLength","uniquePosNdMAF","uniquePosNdMAFtumor","uniquePosNExactMatch","uniquePosNExactMatchtumor","pval_FET","qval_FET","casesN"
"GCM2",0.00239234449760766,0.00244092425553705,0.980097801962024,0.0543972801359932,0.0621683201554208,0.5766751,1,506,66,6,1,1,6.71371639113574e-07,1.79032437096953e-06,6
"MYH7",0.00238095238095238,0.00243381891169065,0.978278363076098,0.0172991350432478,0.0621683201554208,0.9999846,1,1935,198,8,22,1,3.76216775347261e-12,3.00973420277808e-11,8
"OTC",0.00240963855421687,0.00238495260527296,1.01035070839116,0.0392980350982451,0.0621683201554208,0.7404951,1,354,39,3,7,1,0.00404858299595142,0.00404858299595142,3
"PAH",0.00239808153477218,0.00249191804277836,0.962343662032498,0.048347582620869,0.0621683201554208,0.8419258,1,452,32,5,9,1,0.000139043381535039,0.000222469410456062,5
"PAX3",0.00240963855421687,0.00234035121899218,1.02960552871826,0.0270486475676216,0.0621683201554208,0.3032154,1,479,52,3,3,1,0.00226244343891403,0.00258564964447317,3
"PDYN",0.00239234449760766,0.00231918121609254,1.03154703091222,0.110794460276986,0.110794460276986,0.2232311,1,254,51,6,2,1,2.55421317463155e-06,5.1084263492631e-06,6
"SLC26A3",0.00238663484486874,0.00232964023752149,1.02446498237337,0.0427978601069946,0.0621683201554208,0.8305665,1,764,110,7,2,1,3.26820022713666e-09,1.30728009085466e-08,7
"SLC45A2",0.00240384615384615,0.00242602096043739,0.990859598102056,0.0336983150842458,0.0621683201554208,0.9996992,1,530,24,4,3,1,0.00197628458498024,0.00258564964447317,4
"POTEC",NA,NA,NA,NA,NA,1.227227e-05,0.01102284,NA,NA,NA,NA,NA,NA,NA,NA
