"","prob","probSD","SNR","pval_prob","qval_prob","pval_MutSig","qval_MutSig","protLength","uniquePosNdMAF","uniquePosNdMAFtumor","uniquePosNExactMatch","uniquePosNExactMatchtumor","pval_FET","qval_FET","casesN"
"CACNA1S",0.00241545893719807,0.00242604417792405,0.995636831009796,0.0261486925653717,0.0522973851307435,0.4861232,1,1873,227,2,1,1,0.00881057268722468,0.0176211453744494,2
"EDN3",0.00241545893719807,0.00249050344796781,0.969867734641774,0.213539323033848,0.213539323033848,1,1,238,28,2,1,1,0.0714285714285714,0.0714285714285714,2
