"","prob","probSD","SNR","pval_prob","qval_prob","pval_MutSig","qval_MutSig","protLength","uniquePosNdMAF","uniquePosNdMAFtumor","uniquePosNExactMatch","uniquePosNExactMatchtumor","pval_FET","qval_FET","casesN"
"GFAP",0.00241545893719807,0.00238509173708434,1.0127320889346,0.0378481075946203,0.0608469576521174,1,1,432,13,2,1,1,0.153846153846154,0.205128205128205,2
"GJA3",0.00241545893719807,0.00235670443015178,1.02493079161501,0.0356482175891205,0.0608469576521174,0.5238624,1,435,4,2,1,1,1,1,2
"GRXCR1",0.00241545893719807,0.0024186918928108,0.998663345413136,0.0607469626518674,0.0608469576521174,1,1,290,80,2,1,1,0.025,0.05,2
"TULP1",0.00240384615384615,0.0023583170073873,1.01930577878896,0.0608469576521174,0.0608469576521174,0.5692864,1,542,46,4,2,1,0.000263504611330699,0.00105401844532279,4
"SPRR3",NA,NA,NA,NA,NA,0,0,NA,NA,NA,NA,NA,NA,NA,NA
