"","prob","probSD","SNR","pval_prob","qval_prob","pval_MutSig","qval_MutSig","protLength","uniquePosNdMAF","uniquePosNdMAFtumor","uniquePosNExactMatch","uniquePosNExactMatchtumor","pval_FET","qval_FET","casesN"
"CASR",0.00241545893719807,0.00243916354452911,0.99028166545691,0.0256487175641218,0.0625468726563672,0.5827381,1,1078,173,2,8,1,0.0115606936416185,0.0346820809248555,2
"NOBOX",0.00241545893719807,0.00240816406776601,1.00302922443271,0.0428978551072446,0.0625468726563672,0.804844,1,691,77,2,1,1,0.025974025974026,0.038961038961039,2
"SHH",0.00241545893719807,0.00244266520482045,0.988862056261869,0.0625468726563672,0.0625468726563672,0.7143928,1,462,14,2,2,1,0.142857142857143,0.142857142857143,2
