"","prob","probSD","SNR","pval_prob","qval_prob","pval_MutSig","qval_MutSig","protLength","uniquePosNdMAF","uniquePosNdMAFtumor","uniquePosNExactMatch","uniquePosNExactMatchtumor","pval_FET","qval_FET","casesN"
"CASR",0.00241545893719807,0.00238006300685670,1.01487184592987,0.0127493625318734,0.0382480875956202,0.798658,1,1078,173,2,8,1,0.0115606936416185,0.0115606936416185,2
"CRX",0.00240384615384615,0.00232038123399327,1.03597034772999,0.104044797760112,0.104044797760112,1,1,299,53,4,2,1,0.000170750448219927,0.00025612567232989,4
"TPO",0.00238663484486874,0.00236825940488802,1.00775904866789,0.0595470226488676,0.0893205339733013,0.5382887,1,933,171,7,4,1,2.20274872810746e-10,6.60824618432237e-10,7
