"","prob","probSD","SNR","pval_prob","qval_prob","pval_MutSig","qval_MutSig","protLength","uniquePosNdMAF","uniquePosNdMAFtumor","uniquePosNExactMatch","uniquePosNExactMatchtumor","pval_FET","qval_FET","casesN"
"PAH",0.00241545893719807,0.002525291574139,0.956506948320065,0.0940452977351132,0.0940452977351132,NA,NA,452,32,2,9,1,0.0625,0.0625,2
"PLG",0.00240963855421687,0.00234359733429268,1.02817942270109,0.0735463226838658,0.0940452977351132,NA,NA,810,135,3,2,1,0.000331674958540631,0.000663349917081261,3
