"","prob","probSD","SNR","pval_prob","qval_prob","pval_MutSig","qval_MutSig","protLength","uniquePosNdMAF","uniquePosNdMAFtumor","uniquePosNExactMatch","uniquePosNExactMatchtumor","pval_FET","qval_FET","casesN"
"ALAS2",0.00241545893719807,0.00234923955226110,1.02818758303011,0.0286485675716214,0.0286485675716214,0.4731621,1,587,66,2,4,1,0.0303030303030303,0.0303030303030303,2
"DSPP",0.00240963855421687,0.00235450018489656,1.02341829050344,0.0193490325483726,0.0286485675716214,0.7502135,1,1301,112,3,1,1,0.000482625482625483,0.000965250965250966,3
