"","prob","probSD","SNR","pval_prob","qval_prob","pval_MutSig","qval_MutSig","protLength","uniquePosNdMAF","uniquePosNdMAFtumor","uniquePosNExactMatch","uniquePosNExactMatchtumor","pval_FET","qval_FET","casesN"
"CRX",0.00240963855421687,0.00249746595360852,0.964833394719653,0.143742812859357,0.167699948335917,1,1,299,53,3,2,1,0.00217706821480407,0.00380986937590711,3
"CTRC",0.00241545893719807,0.00252284816397988,0.957433337322843,0.105594720263987,0.15973201339933,1,1,268,26,2,1,1,0.0769230769230769,0.0869565217391304,2
"GRIN2B",0.00238663484486874,0.00233565203624052,1.02182808390854,0.0652467376631168,0.152242387880606,0.8828714,1,1484,314,7,1,1,5.51723388101227e-12,3.86206371670859e-11,7
"MYL2",0.00481927710843374,0.00335035888884198,1.43843608052971,0.175191240437978,0.175191240437978,1,1,166,30,2,2,1,0.0666666666666667,0.0869565217391304,3
"NPHS1",0.00240384615384615,0.00229699050004461,1.0465198501254,0.0472976351182441,0.152242387880606,0.6047891,1,1241,118,4,1,1,1.49859881011255e-05,5.24509583539391e-05,4
"PLG",0.00240963855421687,0.00233062564700676,1.03390201567188,0.0504474776261187,0.152242387880606,0.7690803,1,810,135,3,2,1,0.000331674958540631,0.000773908236594805,3
"SRD5A2",0.00241545893719807,0.0024869270685562,0.971262473973703,0.114094295285236,0.15973201339933,1,1,254,23,2,1,1,0.0869565217391304,0.0869565217391304,2
"SPRR1A",NA,NA,NA,NA,NA,0,0,NA,NA,NA,NA,NA,NA,NA,NA
