"","prob","probSD","SNR","pval_prob","qval_prob","pval_MutSig","qval_MutSig","protLength","uniquePosNdMAF","uniquePosNdMAFtumor","uniquePosNExactMatch","uniquePosNExactMatchtumor","pval_FET","qval_FET","casesN"
"BMP15",0.00240384615384615,0.00243361961286076,0.98776577125806,0.0736963151842408,0.0736963151842408,NA,NA,392,63,4,4,1,0.000100727758051925,0.000201455516103850,4
"MYF6",0.00481927710843374,0.00340131681779456,1.41688568475035,0.0589470526473676,0.0736963151842408,NA,NA,242,56,2,1,1,0.0357142857142857,0.0357142857142857,3
"NPHS1",0.00240963855421687,0.00233081516992355,1.03381794717592,0.0172491375431228,0.0689965501724914,NA,NA,1241,118,3,1,1,0.000434593654932638,0.00057945820657685,3
"SPTA1",0.00235294117647059,0.00233873708322069,1.00607340318491,0.0414479276036198,0.0736963151842408,NA,NA,2419,423,13,4,1,2.22116446039906e-22,8.88465784159626e-22,10
