"","prob","probSD","SNR","pval_prob","qval_prob","pval_MutSig","qval_MutSig","protLength","uniquePosNdMAF","uniquePosNdMAFtumor","uniquePosNExactMatch","uniquePosNExactMatchtumor","pval_FET","qval_FET","casesN"
"ALAS2",0.00240963855421687,0.0024603832270228,0.979375297210371,0.156492175391230,0.20033998300085,0.4507072,1,587,66,3,4,1,0.0013986013986014,0.0038265306122449,3
"MC2R",0.00241545893719807,0.00234690649676905,1.02920970244166,0.20033998300085,0.20033998300085,0.2391388,1,297,50,2,2,1,0.04,0.04,2
"SERPINC1",0.00240963855421687,0.00234559042351306,1.02730576065701,0.191640417979101,0.20033998300085,1,1,464,49,3,6,1,0.00255102040816327,0.0038265306122449,2
